PROSPECTID,Total_TL,Tot_Closed_TL,Tot_Active_TL,Total_TL_opened_L6M,Tot_TL_closed_L6M,pct_tl_open_L6M,pct_tl_closed_L6M,pct_active_tl,pct_closed_tl,Total_TL_opened_L12M,Tot_TL_closed_L12M,pct_tl_open_L12M,pct_tl_closed_L12M,Tot_Missed_Pmnt,Auto_TL,CC_TL,Consumer_TL,Gold_TL,Home_TL,PL_TL,Secured_TL,Unsecured_TL,Other_TL,Age_Oldest_TL,Age_Newest_TL,time_since_recent_payment,num_times_delinquent,max_recent_level_of_deliq,num_deliq_6mts,num_deliq_12mts,num_deliq_6_12mts,num_times_30p_dpd,num_times_60p_dpd,num_std,num_std_6mts,num_std_12mts,num_sub,num_sub_6mts,num_sub_12mts,num_dbt,num_dbt_6mts,num_dbt_12mts,num_lss,num_lss_6mts,num_lss_12mts,recent_level_of_deliq,tot_enq,CC_enq,CC_enq_L6m,CC_enq_L12m,PL_enq,PL_enq_L6m,PL_enq_L12m,time_since_recent_enq,enq_L12m,enq_L6m,enq_L3m,MARITALSTATUS,EDUCATION,AGE,GENDER,NETMONTHLYINCOME,Time_With_Curr_Empr,pct_of_active_TLs_ever,pct_opened_TLs_L6m_of_L12m,pct_currentBal_all_TL,CC_Flag,PL_Flag,pct_PL_enq_L6m_of_L12m,pct_CC_enq_L6m_of_L12m,pct_PL_enq_L6m_of_ever,pct_CC_enq_L6m_of_ever,HL_Flag,GL_Flag,last_prod_enq2,first_prod_enq2,Credit_Score,Approved_Flag
1,5,4,1,0,0,0.0,0.0,0.2,0.8,0,0,0.0,0.0,0,0,0,0,1,0,4,1,4,0,72,18,549,11,29,0,0,0,0,0,21,5,11,0,0,0,0,0,0,0,0,0,29,6,0,0,0,6,0,0,566,0,0,0,Married,12TH,48,M,51000,114,0.2,0.0,0.798,0,1,0.0,0.0,0.0,0.0,1,0,PL,PL,696,P2
2,1,0,1,0,0,0.0,0.0,1.0,0.0,1,0,1.0,0.0,0,0,0,1,0,0,0,0,1,0,7,7,47,0,0,0,0,0,0,0,0,0,0,0,0,0,0,0,0,0,0,0,0,1,0,0,0,0,0,0,209,1,0,0,Single,GRADUATE,23,F,19000,50,1.0,0.0,0.37,0,0,0.0,0.0,0.0,0.0,0,0,ConsumerLoan,ConsumerLoan,685,P2
3,8,0,8,1,0,0.125,0.0,1.0,0.0,2,0,0.25,0.0,1,1,0,6,1,0,0,2,6,0,47,2,302,9,25,1,9,8,0,0,10,5,10,0,0,0,0,0,0,0,0,0,25,4,0,0,0,0,0,0,587,0,0,0,Married,SSC,40,M,18,191,1.0,0.5,0.585,0,0,0.0,0.0,0.0,0.0,1,0,ConsumerLoan,others,693,P2
5,3,2,1,0,0,0.0,0.0,0.333,0.667,0,0,0.0,0.0,0,1,0,0,0,0,0,3,0,2,131,32,583,0,0,0,0,0,0,0,53,4,16,0,0,0,0,0,0,0,0,0,0,1,0,0,0,0,0,0,3951,0,0,0,Married,POST-GRADUATE,48,M,15000,75,0.333,0.0,0.0,0,0,0.0,0.0,0.0,0.0,0,0,AL,AL,753,P1
6,6,5,1,0,0,0.0,0.0,0.167,0.833,0,1,0.0,0.167,0,4,0,0,2,0,0,6,0,0,150,17,245,14,270,0,0,0,13,11,5,0,2,3,0,1,0,0,0,0,0,0,26,15,2,0,1,7,3,3,7,6,5,4,Married,12TH,35,M,0,154,0.167,0.0,0.0,0,0,1.0,0.0,0.429,0.0,1,0,ConsumerLoan,PL,668,P3
8,6,4,2,0,0,0.0,0.0,0.333,0.667,1,2,0.167,0.333,0,1,0,0,0,0,0,6,0,5,36,8,74,3,133,0,0,0,2,2,27,0,4,0,0,0,0,0,0,0,0,0,133,2,0,0,0,0,0,0,2,1,1,1,Married,UNDER GRADUATE,30,M,27000,126,0.333,0.0,0.3,0,0,0.0,0.0,0.0,0.0,0,0,ConsumerLoan,others,676,P2
9,1,0,1,0,0,0.0,0.0,1.0,0.0,0,0,0.0,0.0,0,1,0,0,0,0,0,1,0,0,16,16,424,3,38,2,3,1,3,1,0,0,0,0,0,0,0,0,0,0,0,0,38,3,0,0,0,0,0,0,108,1,1,0,Married,SSC,39,F,18000,122,1.0,0.0,0.465,0,0,0.0,0.0,0.0,0.0,0,0,ConsumerLoan,others,658,P4
11,7,2,5,1,0,0.143,0.0,0.714,0.286,3,1,0.429,0.143,0,2,1,2,0,0,2,2,5,0,64,5,35,0,0,0,0,0,0,0,0,0,0,0,0,0,0,0,0,0,0,0,0,13,3,1,1,4,0,0,87,1,1,1,Single,GRADUATE,27,M,20000,95,0.714,0.333,0.846,1,1,0.0,1.0,0.0,0.333,0,0,CC,others,685,P2
13,2,2,0,0,0,0.0,0.0,0.0,1.0,0,0,0.0,0.0,0,1,0,0,0,0,0,2,0,1,49,49,1037,1,31,0,0,0,1,0,33,4,10,0,0,0,0,0,0,0,0,0,31,7,0,0,0,0,0,0,3,2,1,1,Married,SSC,30,M,55000,126,0.0,0.0,0.0,0,0,0.0,0.0,0.0,0.0,0,0,ConsumerLoan,others,669,P2
14,2,1,1,1,0,0.5,0.0,0.5,0.5,1,1,0.5,0.5,0,0,0,2,0,0,0,0,2,0,16,5,46,0,0,0,0,0,0,0,0,0,0,0,0,0,0,0,0,0,0,0,0,2,0,0,0,0,0,0,164,1,1,0,Married,SSC,39,M,25000,125,0.5,1.0,0.345,0,0,0.0,0.0,0.0,0.0,0,0,ConsumerLoan,ConsumerLoan,687,P2
15,1,1,0,0,0,0.0,0.0,0.0,1.0,0,0,0.0,0.0,0,1,0,0,0,0,0,1,0,0,38,38,395,0,0,0,0,0,0,0,0,0,0,0,0,0,0,0,0,0,0,0,0,1,0,0,0,0,0,0,1135,0,0,0,Married,12TH,27,M,30000,154,0.0,0.0,0.0,0,0,0.0,0.0,0.0,0.0,0,0,others,others,692,P2
16,8,1,7,7,1,0.875,0.125,0.875,0.125,8,1,1.0,0.125,2,1,1,5,0,0,0,1,7,1,9,1,42,0,0,0,0,0,0,0,0,0,0,0,0,0,0,0,0,0,0,0,0,15,1,1,1,1,1,1,46,13,11,5,Married,12TH,44,M,25000,245,0.875,0.875,0.815,1,0,1.0,1.0,1.0,1.0,0,0,ConsumerLoan,others,643,P4
17,1,0,1,0,0,0.0,0.0,1.0,0.0,1,0,1.0,0.0,0,0,0,0,0,0,0,0,1,1,7,7,42,0,0,0,0,0,0,0,0,0,0,0,0,0,0,0,0,0,0,0,0,1,0,0,0,0,0,0,234,1,0,0,Married,SSC,30,M,30000,121,1.0,0.0,1.223,0,0,0.0,0.0,0.0,0.0,0,0,others,others,678,P2
20,7,5,2,1,0,0.143,0.0,0.286,0.714,1,1,0.143,0.143,0,0,0,0,2,0,0,5,2,5,138,3,80,8,89,0,1,1,2,1,38,6,12,0,0,0,0,0,0,0,0,0,22,1,0,0,0,0,0,0,1679,0,0,0,Married,UNDER GRADUATE,31,M,48000,126,0.286,1.0,0.539,0,0,0.0,0.0,0.0,0.0,1,0,others,others,720,P1
21,1,0,1,0,0,0.0,0.0,1.0,0.0,1,0,1.0,0.0,0,0,0,1,0,0,0,0,1,0,8,8,45,1,14,0,1,1,0,0,0,0,0,0,0,0,0,0,0,0,0,0,14,2,0,0,0,0,0,0,35,2,1,1,Married,SSC,25,M,65000,129,1.0,0.0,0.5,0,0,0.0,0.0,0.0,0.0,0,0,others,ConsumerLoan,669,P2
22,5,2,3,0,1,0.0,0.2,0.6,0.4,2,1,0.4,0.2,1,3,0,1,0,0,1,3,2,0,92,10,51,1,15,0,1,1,0,0,0,0,0,0,0,0,0,0,0,0,0,0,15,7,0,0,0,4,0,2,200,3,0,0,Married,UNDER GRADUATE,35,F,64000,35,0.6,0.0,1.033,0,1,0.0,0.0,0.0,0.0,0,0,PL,others,699,P2
23,1,1,0,0,1,0.0,1.0,0.0,1.0,0,1,0.0,1.0,0,1,0,0,0,0,0,1,0,0,40,40,97,0,0,0,0,0,0,0,0,0,0,0,0,0,0,0,0,0,0,0,0,2,0,0,0,0,0,0,3,1,1,1,Single,GRADUATE,24,M,15000,60,0.0,0.0,0.0,0,0,0.0,0.0,0.0,0.0,0,0,ConsumerLoan,others,678,P2
25,3,1,2,0,0,0.0,0.0,0.667,0.333,1,1,0.333,0.333,0,0,0,0,0,0,0,1,2,3,51,10,77,0,0,0,0,0,0,0,60,8,22,0,0,0,0,0,0,0,0,0,0,2,0,0,0,0,0,0,293,1,0,0,Single,12TH,22,M,30000,121,0.667,0.0,0.895,0,0,0.0,0.0,0.0,0.0,0,0,others,others,702,P3
27,1,1,0,0,0,0.0,0.0,0.0,1.0,0,0,0.0,0.0,0,0,1,0,0,0,0,0,1,0,59,59,1341,10,190,0,2,2,9,8,0,0,0,0,0,0,0,0,0,0,0,0,190,3,2,1,1,0,0,0,58,1,1,1,Single,12TH,28,M,20000,39,0.0,0.0,0.0,1,0,0.0,1.0,0.0,0.5,0,0,CC,others,660,P3
28,11,6,5,1,1,0.091,0.091,0.455,0.545,3,1,0.273,0.091,2,1,0,1,8,0,0,9,2,1,37,3,76,0,0,0,0,0,0,0,16,2,2,0,0,0,0,0,0,0,0,0,0,3,0,0,0,1,1,1,156,1,1,0,Married,12TH,30,F,10000,23,0.455,0.333,0.902,0,0,1.0,0.0,1.0,0.0,1,0,PL,others,685,P2
29,42,34,8,2,2,0.048,0.048,0.19,0.81,5,3,0.119,0.071,3,0,0,0,26,1,0,35,7,15,159,4,88,1,183,0,0,0,1,1,107,17,43,0,0,0,0,0,0,0,0,0,183,1,0,0,0,0,0,0,366,0,0,0,Married,SSC,37,F,25000,101,0.19,0.4,0.979,0,0,0.0,0.0,0.0,0.0,1,1,HL,HL,740,P1
30,3,0,3,2,0,0.667,0.0,1.0,0.0,3,0,1.0,0.0,2,0,0,2,0,0,0,0,3,1,10,2,77,0,0,0,0,0,0,0,0,0,0,0,0,0,0,0,0,0,0,0,0,3,1,0,1,0,0,0,71,3,1,1,Single,GRADUATE,33,M,50000,80,1.0,0.667,0.442,0,0,0.0,0.0,0.0,0.0,0,0,others,CC,678,P2
31,10,2,8,3,0,0.3,0.0,0.8,0.2,5,2,0.5,0.2,2,3,1,2,0,2,0,5,5,2,38,2,68,4,25,0,2,2,1,0,31,5,11,0,0,0,0,0,0,0,0,0,25,14,1,1,1,3,2,3,60,12,9,2,Single,POST-GRADUATE,22,M,50000,64,0.8,0.6,0.835,1,0,0.667,1.0,0.667,1.0,0,1,others,others,671,P2
32,4,1,3,2,0,0.5,0.0,0.75,0.25,3,0,0.75,0.0,0,2,0,2,0,0,0,2,2,0,47,2,34,0,0,0,0,0,0,0,9,4,6,0,0,0,0,0,0,0,0,0,0,14,0,0,0,0,0,0,1,12,11,10,Married,SSC,52,M,21000,182,0.75,0.667,0.764,0,0,0.0,0.0,0.0,0.0,0,0,ConsumerLoan,others,638,P4
33,5,2,3,2,1,0.4,0.2,0.6,0.4,4,1,0.8,0.2,2,0,0,5,0,0,0,0,5,0,20,3,75,0,0,0,0,0,0,0,0,0,0,0,0,0,0,0,0,0,0,0,0,5,0,0,0,0,0,0,149,4,1,0,Married,12TH,41,M,18000,217,0.6,0.5,0.635,0,0,0.0,0.0,0.0,0.0,0,0,HL,ConsumerLoan,689,P2
34,1,0,1,1,0,1.0,0.0,1.0,0.0,1,0,1.0,0.0,0,0,0,1,0,0,0,0,1,0,4,4,76,0,0,0,0,0,0,0,0,0,0,0,0,0,0,0,0,0,0,0,0,5,0,0,0,0,0,0,16,4,3,2,Single,GRADUATE,25,M,15000,63,1.0,1.0,0.6,0,0,0.0,0.0,0.0,0.0,0,0,ConsumerLoan,others,663,P3
35,2,0,2,0,0,0.0,0.0,1.0,0.0,1,0,0.5,0.0,1,0,0,0,0,0,0,1,1,2,26,7,99,0,0,0,0,0,0,0,6,5,6,0,0,0,0,0,0,0,0,0,0,1,0,0,0,0,0,0,207,1,0,0,Married,SSC,25,M,12000,40,1.0,0.0,0.762,0,0,0.0,0.0,0.0,0.0,0,0,others,others,692,P2
36,1,0,1,0,0,0.0,0.0,1.0,0.0,0,0,0.0,0.0,0,1,0,0,0,0,0,1,0,0,19,19,48,0,0,0,0,0,0,0,0,0,0,0,0,0,0,0,0,0,0,0,0,3,0,0,0,0,0,0,581,0,0,0,Married,GRADUATE,26,M,30000,62,1.0,0.0,0.526,0,0,0.0,0.0,0.0,0.0,0,0,others,others,693,P2
37,7,1,6,3,1,0.429,0.143,0.857,0.143,5,1,0.714,0.143,0,1,2,3,0,0,1,1,6,0,41,4,33,0,0,0,0,0,0,0,0,0,0,0,0,0,0,0,0,0,0,0,0,15,3,3,3,6,5,6,3,13,9,3,Married,GRADUATE,30,F,25000,62,0.857,0.6,0.81,1,1,0.833,1.0,0.833,1.0,0,0,PL,others,678,P2
38,11,8,3,0,0,0.0,0.0,0.273,0.727,1,0,0.091,0.0,0,0,0,0,6,0,0,6,5,5,73,11,341,0,0,0,0,0,0,0,26,5,11,0,0,0,0,0,0,0,0,0,0,1,0,0,0,0,0,0,53,1,1,1,Married,OTHERS,38,M,55000,231,0.273,0.0,1.0,0,0,0.0,0.0,0.0,0.0,1,0,ConsumerLoan,ConsumerLoan,705,P1
39,1,1,0,0,0,0.0,0.0,0.0,1.0,0,1,0.0,1.0,0,1,0,0,0,0,0,1,0,0,45,45,277,0,0,0,0,0,0,0,0,0,0,0,0,0,0,0,0,0,0,0,0,6,0,0,0,0,0,0,9,5,5,5,Married,12TH,57,M,40000,130,0.0,0.0,0.0,0,0,0.0,0.0,0.0,0.0,0,0,ConsumerLoan,others,657,P4
40,2,2,0,0,1,0.0,0.5,0.0,1.0,0,1,0.0,0.5,0,1,0,0,0,0,1,1,1,0,32,27,92,0,0,0,0,0,0,0,0,0,0,0,0,0,0,0,0,0,0,0,0,2,0,0,0,0,0,0,821,0,0,0,Married,SSC,48,M,25000,300,0.0,0.0,0.0,0,1,0.0,0.0,0.0,0.0,0,0,others,others,693,P2
42,1,0,1,0,0,0.0,0.0,1.0,0.0,1,0,1.0,0.0,0,0,0,1,0,0,0,0,1,0,10,10,105,0,0,0,0,0,0,0,0,0,0,0,0,0,0,0,0,0,0,0,0,3,0,0,0,2,2,2,79,3,2,1,Married,GRADUATE,31,M,15000,125,1.0,0.0,0.0,0,0,1.0,0.0,1.0,0.0,0,0,PL,others,663,P3
44,1,1,0,0,0,0.0,0.0,0.0,1.0,0,0,0.0,0.0,0,1,0,0,0,0,0,1,0,0,49,49,875,4,60,0,0,0,1,0,0,0,0,0,0,0,0,0,0,0,0,0,60,1,0,0,0,0,0,0,1481,0,0,0,Married,12TH,52,M,13000,244,0.0,0.0,0.0,0,0,0.0,0.0,0.0,0.0,0,0,others,others,662,P3
45,5,3,2,0,0,0.0,0.0,0.4,0.6,1,0,0.2,0.0,0,0,0,2,0,0,0,0,5,3,33,12,53,4,4,0,0,0,2,0,25,4,10,0,0,0,0,0,0,0,0,0,4,6,0,0,0,1,0,0,1,3,3,2,Married,POST-GRADUATE,31,M,45000,181,0.4,0.0,0.583,0,0,0.0,0.0,0.0,0.0,0,0,ConsumerLoan,ConsumerLoan,659,P3
46,12,7,5,7,4,0.583,0.333,0.417,0.583,10,5,0.833,0.417,3,2,1,2,0,0,7,2,10,0,48,2,80,1,9,0,0,0,0,0,6,5,6,0,0,0,0,0,0,0,0,0,9,23,1,1,1,13,8,13,49,18,9,5,Married,GRADUATE,25,M,20000,70,0.417,0.7,0.904,1,1,0.615,1.0,0.615,1.0,0,0,CC,others,651,P4
47,1,0,1,0,0,0.0,0.0,1.0,0.0,1,0,1.0,0.0,0,0,0,1,0,0,0,0,1,0,8,8,101,0,0,0,0,0,0,0,0,0,0,0,0,0,0,0,0,0,0,0,0,2,0,0,0,1,0,1,232,2,0,0,Married,12TH,51,M,12000,191,1.0,0.0,0.3,0,0,0.0,0.0,0.0,0.0,0,0,PL,others,679,P2
48,2,1,1,0,1,0.0,0.5,0.5,0.5,1,1,0.5,0.5,0,0,0,2,0,0,0,0,2,0,18,7,40,2,7,0,0,0,1,0,0,0,0,0,0,0,0,0,0,0,0,0,7,7,0,0,0,0,0,0,64,6,5,4,Married,UNDER GRADUATE,25,F,18000,105,0.5,0.0,0.677,0,0,0.0,0.0,0.0,0.0,0,0,ConsumerLoan,ConsumerLoan,655,P4
49,7,3,4,5,2,0.714,0.286,0.571,0.429,5,2,0.714,0.286,2,0,0,0,0,0,2,4,3,5,60,2,83,0,0,0,0,0,0,0,3,2,2,0,0,0,0,0,0,0,0,0,0,8,1,1,1,5,5,5,1,8,8,3,Married,UNDER GRADUATE,24,M,18000,25,0.571,1.0,1.491,0,1,1.0,1.0,1.0,1.0,0,0,ConsumerLoan,PL,664,P3
50,1,0,1,0,0,0.0,0.0,1.0,0.0,0,0,0.0,0.0,0,1,0,0,0,0,0,1,0,0,14,14,56,0,0,0,0,0,0,0,0,0,0,0,0,0,0,0,0,0,0,0,0,1,0,0,0,0,0,0,422,0,0,0,Single,UNDER GRADUATE,26,M,17000,50,1.0,0.0,0.55,0,0,0.0,0.0,0.0,0.0,0,0,others,others,691,P2
51,4,0,4,2,0,0.5,0.0,1.0,0.0,2,0,0.5,0.0,1,1,0,0,0,0,0,1,3,3,83,5,64,5,478,0,0,0,5,5,1,0,0,0,0,0,0,0,0,0,0,0,478,5,0,0,0,1,1,1,9,3,3,2,Married,12TH,33,M,25000,182,1.0,1.0,0.149,0,0,1.0,0.0,1.0,0.0,0,0,ConsumerLoan,others,671,P2
52,2,1,1,1,0,0.5,0.0,0.5,0.5,1,0,0.5,0.0,1,1,0,0,0,0,0,2,0,1,59,3,1084,5,90,0,0,0,4,4,0,0,0,0,0,0,0,0,0,0,0,0,90,3,0,0,0,0,0,0,83,3,3,2,Married,GRADUATE,34,M,30000,190,0.5,1.0,1.0,0,0,0.0,0.0,0.0,0.0,0,0,others,others,660,P3
53,1,1,0,0,0,0.0,0.0,0.0,1.0,0,0,0.0,0.0,0,1,0,0,0,0,0,1,0,0,44,44,518,4,23,0,0,0,1,0,0,0,0,0,0,0,0,0,0,0,0,0,23,2,0,0,0,0,0,0,1344,0,0,0,Single,SSC,27,M,16000,13,0.0,0.0,0.0,0,0,0.0,0.0,0.0,0.0,0,0,others,others,660,P3
54,3,2,1,2,2,0.667,0.667,0.333,0.667,2,2,0.667,0.667,0,1,0,1,0,0,1,1,2,0,16,4,81,0,0,0,0,0,0,0,1,1,1,0,0,0,0,0,0,0,0,0,0,6,0,0,0,4,4,4,17,6,6,2,Single,GRADUATE,23,M,15000,30,0.333,1.0,0.8,0,1,1.0,0.0,1.0,0.0,0,0,ConsumerLoan,others,655,P4
55,5,1,4,3,0,0.6,0.0,0.8,0.2,3,0,0.6,0.0,1,0,0,2,0,0,2,0,5,1,24,5,62,0,0,0,0,0,0,0,0,0,0,0,0,0,0,0,0,0,0,0,0,10,0,0,0,4,3,3,19,8,8,4,Single,UNDER GRADUATE,34,M,35000,110,0.8,1.0,0.624,0,1,1.0,0.0,0.75,0.0,0,0,PL,ConsumerLoan,654,P4
56,2,0,2,0,0,0.0,0.0,1.0,0.0,2,0,1.0,0.0,0,0,0,0,0,0,2,0,2,0,9,8,46,0,0,0,0,0,0,0,15,8,15,0,0,0,0,0,0,0,0,0,0,2,0,0,0,2,0,1,263,1,0,0,Married,12TH,53,M,20000,122,1.0,0.0,0.888,0,1,0.0,0.0,0.0,0.0,0,0,PL,PL,690,P2
58,9,7,2,1,1,0.111,0.111,0.222,0.778,4,2,0.444,0.222,0,0,0,3,0,0,0,0,9,6,42,6,84,1,16,0,0,0,0,0,19,0,6,0,0,0,0,0,0,0,0,0,16,4,0,0,0,1,0,1,184,3,0,0,Single,UNDER GRADUATE,28,F,10000,37,0.222,0.25,0.268,0,0,0.0,0.0,0.0,0.0,0,0,PL,ConsumerLoan,673,P2
59,3,0,3,0,0,0.0,0.0,1.0,0.0,1,0,0.333,0.0,0,0,0,1,0,0,1,1,2,1,24,8,113,0,0,0,0,0,0,0,38,10,22,0,0,0,0,0,0,0,0,0,0,7,0,0,0,7,0,1,241,1,0,0,Married,GRADUATE,43,M,28000,150,1.0,0.0,0.721,0,1,0.0,0.0,0.0,0.0,0,0,PL,PL,694,P2
60,3,0,3,0,0,0.0,0.0,1.0,0.0,3,0,1.0,0.0,0,1,0,2,0,0,0,1,2,0,11,8,74,0,0,0,0,0,0,0,7,4,7,0,0,0,0,0,0,0,0,0,0,4,0,0,0,1,0,1,51,4,1,1,Single,12TH,26,M,20000,56,1.0,0.0,0.551,0,0,0.0,0.0,0.0,0.0,0,0,ConsumerLoan,others,675,P2
61,1,1,0,0,0,0.0,0.0,0.0,1.0,0,0,0.0,0.0,0,1,0,0,0,0,0,1,0,0,40,40,614,0,0,0,0,0,0,0,0,0,0,0,0,0,0,0,0,0,0,0,0,3,0,0,0,0,0,0,3,1,1,1,Single,12TH,30,M,51000,145,0.0,0.0,0.0,0,0,0.0,0.0,0.0,0.0,0,0,ConsumerLoan,others,670,P2
62,9,6,3,0,5,0.0,0.556,0.333,0.667,3,5,0.333,0.556,0,1,0,5,0,0,1,1,8,2,39,9,54,0,0,0,0,0,0,0,0,0,0,0,0,0,0,0,0,0,0,0,0,8,0,0,0,2,0,0,267,1,0,0,Married,12TH,32,F,20000,98,0.333,0.0,0.504,0,1,0.0,0.0,0.0,0.0,0,0,others,others,684,P2
63,2,1,1,0,0,0.0,0.0,0.5,0.5,1,1,0.5,0.5,0,1,0,1,0,0,0,1,1,0,33,9,56,0,0,0,0,0,0,0,0,0,0,0,0,0,0,0,0,0,0,0,0,2,0,0,0,0,0,0,272,1,0,0,Single,12TH,35,M,15000,41,0.5,0.0,0.391,0,0,0.0,0.0,0.0,0.0,0,0,ConsumerLoan,others,687,P2
64,2,1,1,0,1,0.0,0.5,0.5,0.5,0,1,0.0,0.5,0,1,0,1,0,0,0,1,1,0,24,16,55,0,0,0,0,0,0,0,0,0,0,0,0,0,0,0,0,0,0,0,0,2,0,0,0,0,0,0,467,0,0,0,Married,SSC,38,F,7000,102,0.5,0.0,0.016,0,0,0.0,0.0,0.0,0.0,0,0,ConsumerLoan,others,684,P2
65,2,1,1,0,0,0.0,0.0,0.5,0.5,1,0,0.5,0.0,0,1,0,0,0,0,1,1,1,0,40,10,287,0,0,0,0,0,0,0,9,5,9,0,0,0,0,0,0,0,0,0,0,4,0,0,0,1,0,1,315,1,0,0,Married,POST-GRADUATE,30,M,25000,66,0.5,0.0,0.912,0,1,0.0,0.0,0.0,0.0,0,0,PL,others,697,P2
66,1,0,1,0,0,0.0,0.0,1.0,0.0,1,0,1.0,0.0,0,1,0,0,0,0,0,1,0,0,7,7,161,0,0,0,0,0,0,0,0,0,0,0,0,0,0,0,0,0,0,0,0,2,0,0,0,0,0,0,9,2,2,2,Married,SSC,28,M,25000,27,1.0,0.0,1.338,0,0,0.0,0.0,0.0,0.0,0,0,ConsumerLoan,others,672,P2
67,3,0,3,0,0,0.0,0.0,1.0,0.0,3,0,1.0,0.0,1,1,0,1,0,0,0,1,2,1,12,11,89,0,0,0,0,0,0,0,0,0,0,0,0,0,0,0,0,0,0,0,0,2,0,0,0,0,0,0,8,2,1,1,Married,GRADUATE,34,F,30000,65,1.0,0.0,0.592,0,0,0.0,0.0,0.0,0.0,0,0,ConsumerLoan,others,673,P2
68,1,1,0,0,1,0.0,1.0,0.0,1.0,0,1,0.0,1.0,0,1,0,0,0,0,0,1,0,0,27,27,112,0,0,0,0,0,0,0,0,0,0,0,0,0,0,0,0,0,0,0,0,1,0,0,0,0,0,0,811,0,0,0,Married,GRADUATE,47,M,20000,122,0.0,0.0,0.0,0,0,0.0,0.0,0.0,0.0,0,0,others,others,688,P2
69,2,1,1,0,0,0.0,0.0,0.5,0.5,0,0,0.0,0.0,0,2,0,0,0,0,0,2,0,0,70,13,67,0,0,0,0,0,0,0,0,0,0,0,0,0,0,0,0,0,0,0,0,2,0,0,0,0,0,0,35,1,1,1,Married,GRADUATE,29,M,20000,13,0.5,0.0,0.758,0,0,0.0,0.0,0.0,0.0,0,0,others,others,695,P2
70,1,0,1,1,0,1.0,0.0,1.0,0.0,1,0,1.0,0.0,0,0,0,1,0,0,0,0,1,0,6,6,59,0,0,0,0,0,0,0,0,0,0,0,0,0,0,0,0,0,0,0,0,2,0,0,0,0,0,0,181,2,2,0,Single,SSC,32,M,20000,44,1.0,1.0,0.333,0,0,0.0,0.0,0.0,0.0,0,0,ConsumerLoan,ConsumerLoan,686,P2
71,26,22,4,1,0,0.038,0.0,0.154,0.846,1,0,0.038,0.0,0,0,0,1,25,0,0,25,1,0,59,5,100,2,26,0,0,0,0,0,0,0,0,0,0,0,0,0,0,0,0,0,26,15,2,1,1,6,4,6,12,12,9,7,Married,GRADUATE,31,M,40900,129,0.154,1.0,0.037,0,0,0.667,1.0,0.667,0.5,1,0,ConsumerLoan,ConsumerLoan,618,P4
72,4,0,4,1,0,0.25,0.0,1.0,0.0,2,0,0.5,0.0,0,0,0,0,0,0,1,3,1,3,76,3,56,0,0,0,0,0,0,0,21,4,10,0,0,0,0,0,0,0,0,0,0,4,0,0,0,1,0,0,411,0,0,0,Married,12TH,41,M,65000,181,1.0,0.5,0.92,0,1,0.0,0.0,0.0,0.0,0,0,PL,HL,707,P1
73,2,0,2,1,0,0.5,0.0,1.0,0.0,2,0,1.0,0.0,0,2,0,0,0,0,0,2,0,0,7,4,22,1,2,1,1,0,0,0,0,0,0,0,0,0,0,0,0,0,0,0,2,6,0,0,0,0,0,0,1,6,6,1,Married,SSC,45,F,20000,263,1.0,0.5,0.95,0,0,0.0,0.0,0.0,0.0,0,0,others,ConsumerLoan,678,P2
75,3,0,3,0,0,0.0,0.0,1.0,0.0,2,0,0.667,0.0,0,0,0,2,0,0,0,0,3,1,115,7,35,0,0,0,0,0,0,0,4,0,1,5,0,0,0,0,0,0,0,0,0,1,0,0,0,0,0,0,322,1,0,0,Married,GRADUATE,26,M,20000,101,1.0,0.0,0.298,0,0,0.0,0.0,0.0,0.0,0,0,others,others,710,P1
76,10,2,8,3,2,0.3,0.2,0.8,0.2,8,2,0.8,0.2,2,0,0,9,0,0,0,0,10,1,19,2,56,0,0,0,0,0,0,0,0,0,0,0,0,0,0,0,0,0,0,0,0,4,1,1,1,0,0,0,84,3,2,1,Single,GRADUATE,27,M,15500,64,0.8,0.375,0.372,0,0,0.0,1.0,0.0,1.0,0,0,ConsumerLoan,ConsumerLoan,684,P2
77,4,2,2,0,0,0.0,0.0,0.5,0.5,2,1,0.5,0.25,0,1,0,2,0,0,0,1,3,1,66,8,102,0,0,0,0,0,0,0,0,0,0,0,0,0,0,0,0,0,0,0,0,4,0,0,0,0,0,0,243,1,0,0,Married,SSC,27,M,50000,54,0.5,0.0,0.336,0,0,0.0,0.0,0.0,0.0,0,0,ConsumerLoan,others,699,P2
78,2,0,2,0,0,0.0,0.0,1.0,0.0,1,0,0.5,0.0,0,0,0,2,0,0,0,0,2,0,14,10,137,0,0,0,0,0,0,0,0,0,0,0,0,0,0,0,0,0,0,0,0,1,0,0,0,0,0,0,410,0,0,0,Married,SSC,55,M,13000,42,1.0,0.0,0.0,0,0,0.0,0.0,0.0,0.0,0,0,others,others,684,P2
79,3,1,2,1,0,0.333,0.0,0.667,0.333,1,0,0.333,0.0,0,1,1,1,0,0,0,1,2,0,70,5,73,2,8,0,2,2,0,0,0,0,0,0,0,0,0,0,0,0,0,0,8,4,1,0,0,2,2,2,169,2,2,0,Married,GRADUATE,26,M,20000,113,0.667,1.0,0.631,1,0,1.0,0.0,1.0,0.0,0,0,PL,others,672,P2
80,2,0,2,0,0,0.0,0.0,1.0,0.0,1,0,0.5,0.0,1,1,0,0,0,0,0,2,0,1,20,10,71,0,0,0,0,0,0,0,5,4,5,0,0,0,0,0,0,0,0,0,0,1,0,0,0,0,0,0,614,0,0,0,Married,SSC,29,F,15000,47,1.0,0.0,0.559,0,0,0.0,0.0,0.0,0.0,0,0,others,others,698,P2
81,1,0,1,0,0,0.0,0.0,1.0,0.0,1,0,1.0,0.0,0,1,0,0,0,0,0,1,0,0,8,8,57,0,0,0,0,0,0,0,0,0,0,0,0,0,0,0,0,0,0,0,0,1,0,0,0,0,0,0,247,1,0,0,Married,SSC,43,M,19000,123,1.0,0.0,0.797,0,0,0.0,0.0,0.0,0.0,0,0,others,others,679,P2
82,1,0,1,0,0,0.0,0.0,1.0,0.0,1,0,1.0,0.0,0,1,0,0,0,0,0,1,0,0,6,6,75,0,0,0,0,0,0,0,0,0,0,0,0,0,0,0,0,0,0,0,0,1,0,0,0,0,0,0,208,1,0,0,Married,SSC,32,M,9000,33,1.0,0.0,0.691,0,0,0.0,0.0,0.0,0.0,0,0,others,others,685,P2
83,2,0,2,0,0,0.0,0.0,1.0,0.0,0,0,0.0,0.0,0,0,0,1,0,0,0,0,2,1,14,14,233,0,0,0,0,0,0,0,0,0,0,0,0,0,0,0,0,0,0,0,0,1,0,0,0,0,0,0,418,0,0,0,Single,12TH,34,M,14500,68,1.0,0.0,0.0,0,0,0.0,0.0,0.0,0.0,0,0,others,others,691,P2
84,1,1,0,0,1,0.0,1.0,0.0,1.0,0,1,0.0,1.0,0,1,0,0,0,0,0,1,0,0,26,26,50,1,20,0,0,0,0,0,0,0,0,0,0,0,0,0,0,0,0,0,20,3,0,0,0,0,0,0,6,1,1,1,Married,12TH,35,M,33000,306,0.0,0.0,0.0,0,0,0.0,0.0,0.0,0.0,0,0,ConsumerLoan,others,647,P4
88,11,6,5,1,1,0.091,0.091,0.455,0.545,3,4,0.273,0.364,0,4,0,6,0,0,0,4,7,1,49,3,18,1,3,0,0,0,0,0,35,8,16,0,0,0,0,0,0,0,0,0,3,15,0,0,0,2,1,2,90,6,4,1,Single,GRADUATE,26,M,25000,42,0.455,0.333,0.685,0,0,0.5,0.0,0.5,0.0,0,0,others,others,682,P2
89,3,1,2,2,1,0.667,0.333,0.667,0.333,2,1,0.667,0.333,1,0,0,1,0,0,0,0,3,2,48,2,72,0,0,0,0,0,0,0,0,0,0,0,0,0,0,0,0,0,0,0,0,3,0,0,0,0,0,0,158,2,1,0,Married,SSC,39,M,25000,128,0.667,1.0,0.724,0,0,0.0,0.0,0.0,0.0,0,0,others,others,693,P2
90,5,3,2,0,0,0.0,0.0,0.4,0.6,0,0,0.0,0.0,0,0,0,0,2,0,3,2,3,0,47,14,63,1,92,0,0,0,1,1,0,0,0,0,0,0,0,0,0,0,0,0,92,7,0,0,0,3,0,0,7,1,1,1,Married,GRADUATE,35,M,43000,131,0.4,0.0,0.644,0,1,0.0,0.0,0.0,0.0,1,0,ConsumerLoan,PL,647,P4
91,4,0,4,2,0,0.5,0.0,1.0,0.0,3,0,0.75,0.0,1,0,0,1,0,0,0,1,3,3,40,6,93,0,0,0,0,0,0,0,0,0,0,0,0,0,0,0,0,0,0,0,0,3,0,0,0,0,0,0,191,1,0,0,Married,12TH,29,M,20000,95,1.0,0.667,0.749,0,0,0.0,0.0,0.0,0.0,0,0,others,ConsumerLoan,684,P2
92,2,1,1,1,1,0.5,0.5,0.5,0.5,1,1,0.5,0.5,1,0,0,0,0,0,2,0,2,0,12,4,370,0,0,0,0,0,0,0,13,6,12,0,0,0,0,0,0,0,0,0,0,3,0,0,0,3,1,1,114,1,1,0,Married,GRADUATE,38,M,12,306,0.5,1.0,0.969,0,1,1.0,0.0,0.333,0.0,0,0,PL,PL,680,P2
93,7,1,6,4,0,0.571,0.0,0.857,0.143,6,0,0.857,0.0,2,0,0,4,0,0,1,1,6,2,46,3,72,0,0,0,0,0,0,0,13,0,0,0,0,0,0,0,0,0,0,0,0,4,0,0,0,2,0,2,148,4,1,0,Married,12TH,35,F,40000,130,0.857,0.667,0.697,0,1,0.0,0.0,0.0,0.0,0,0,others,others,686,P2
94,4,2,2,0,0,0.0,0.0,0.5,0.5,0,0,0.0,0.0,0,1,0,2,0,0,1,1,3,0,60,40,296,18,25,2,2,0,5,4,0,0,0,0,0,0,0,0,0,0,0,0,25,4,0,0,0,2,0,0,1160,0,0,0,Married,SSC,41,M,23000,181,0.5,0.0,0.0,0,1,0.0,0.0,0.0,0.0,0,0,ConsumerLoan,others,687,P2
95,4,3,1,0,0,0.0,0.0,0.25,0.75,0,1,0.0,0.25,0,0,0,0,1,0,0,3,1,3,93,18,271,1,2,0,1,1,0,0,8,1,5,0,0,0,0,0,0,0,0,0,2,7,0,0,0,0,0,0,17,1,1,1,Single,12TH,28,M,30000,101,0.25,0.0,0.972,0,0,0.0,0.0,0.0,0.0,1,0,ConsumerLoan,others,693,P2
97,8,4,4,1,2,0.125,0.25,0.5,0.5,2,3,0.25,0.375,0,8,0,0,0,0,0,8,0,0,56,4,52,14,30,0,1,1,7,1,0,0,0,0,0,0,0,0,0,0,0,0,30,8,0,0,0,0,0,0,135,3,1,0,Married,GRADUATE,33,M,40000,110,0.5,0.5,0.773,0,0,0.0,0.0,0.0,0.0,0,0,AL,others,675,P2
98,23,14,9,3,3,0.13,0.13,0.391,0.609,6,4,0.261,0.174,2,0,0,2,4,0,1,19,4,16,61,1,20,1,58,0,1,1,1,0,122,19,41,0,0,0,0,0,0,0,0,0,58,18,0,0,0,1,0,0,4,12,6,6,Married,GRADUATE,27,M,35000,128,0.391,0.5,0.789,0,1,0.0,0.0,0.0,0.0,1,0,ConsumerLoan,ConsumerLoan,697,P2
99,8,1,7,3,0,0.375,0.0,0.875,0.125,6,0,0.75,0.0,3,1,0,4,0,0,1,1,7,2,113,3,75,0,0,0,0,0,0,0,0,0,0,0,0,0,0,0,0,0,0,0,0,5,0,0,0,2,0,2,73,4,2,2,Married,GRADUATE,46,M,25000,78,0.875,0.5,0.599,0,1,0.0,0.0,0.0,0.0,0,0,others,others,703,P1
100,6,5,1,0,0,0.0,0.0,0.167,0.833,0,0,0.0,0.0,0,1,0,0,5,0,0,6,0,0,67,42,100,0,0,0,0,0,0,0,8,0,0,0,0,0,0,0,0,0,0,0,0,2,0,0,0,0,0,0,1248,0,0,0,Married,UNDER GRADUATE,33,M,38500,167,0.167,0.0,0.408,0,0,0.0,0.0,0.0,0.0,1,0,AL,AL,695,P2
101,1,1,0,0,0,0.0,0.0,0.0,1.0,0,0,0.0,0.0,0,1,0,0,0,0,0,1,0,0,42,42,705,0,0,0,0,0,0,0,0,0,0,0,0,0,0,0,0,0,0,0,0,2,0,0,0,0,0,0,1,1,1,1,Single,GRADUATE,25,M,34200,74,0.0,0.0,0.0,0,0,0.0,0.0,0.0,0.0,0,0,ConsumerLoan,others,668,P3
104,1,1,0,1,1,1.0,1.0,0.0,1.0,1,1,1.0,1.0,0,0,0,0,1,0,0,1,0,0,5,5,90,0,0,0,0,0,0,0,2,2,2,0,0,0,0,0,0,0,0,0,0,5,2,2,2,1,1,1,64,4,4,4,Married,POST-GRADUATE,32,M,19000,107,0.0,1.0,0.0,0,0,1.0,1.0,1.0,1.0,1,0,CC,others,659,P3
105,1,0,1,1,0,1.0,0.0,1.0,0.0,1,0,1.0,0.0,0,0,0,0,0,0,0,0,1,1,5,5,51,0,0,0,0,0,0,0,4,4,4,0,0,0,0,0,0,0,0,0,0,3,0,0,0,1,1,1,85,3,3,1,Married,OTHERS,24,M,11500,65,1.0,1.0,0.932,0,0,1.0,0.0,1.0,0.0,0,0,PL,others,678,P2
106,12,12,0,0,0,0.0,0.0,0.0,1.0,0,2,0.0,0.167,0,2,0,0,7,0,0,10,2,3,191,24,215,4,139,0,0,0,3,2,26,0,0,0,0,0,11,0,0,0,0,0,139,17,0,0,0,1,0,1,170,4,3,0,Married,GRADUATE,45,M,14300,29,0.0,0.0,0.0,0,0,0.0,0.0,0.0,0.0,1,0,ConsumerLoan,HL,720,P1
107,7,5,2,2,2,0.286,0.286,0.286,0.714,2,2,0.286,0.286,2,0,0,7,0,0,0,0,7,0,39,3,392,0,0,0,0,0,0,0,0,0,0,0,0,0,0,0,0,0,0,0,0,9,0,0,0,2,0,0,632,0,0,0,Married,GRADUATE,26,M,15000,66,0.286,1.0,0.884,0,0,0.0,0.0,0.0,0.0,0,0,ConsumerLoan,PL,685,P2
109,1,0,1,1,0,1.0,0.0,1.0,0.0,1,0,1.0,0.0,0,0,0,0,0,0,0,0,1,1,4,4,16,0,0,0,0,0,0,0,4,4,4,0,0,0,0,0,0,0,0,0,0,5,0,0,0,4,0,4,210,5,0,0,Single,12TH,31,M,25000,100,1.0,1.0,0.829,0,0,0.0,0.0,0.0,0.0,0,0,PL,PL,692,P2
111,1,1,0,0,0,0.0,0.0,0.0,1.0,0,0,0.0,0.0,0,0,0,0,0,0,0,0,1,1,76,76,1492,0,0,0,0,0,0,0,0,0,0,0,0,0,0,0,0,0,0,0,0,1,0,0,0,0,0,0,233,1,0,0,Married,GRADUATE,49,M,28000,126,0.0,0.0,0.0,0,0,0.0,0.0,0.0,0.0,0,0,others,others,690,P2
112,3,2,1,0,0,0.0,0.0,0.333,0.667,1,1,0.333,0.333,0,2,0,0,0,1,0,3,0,0,65,9,113,14,26,4,6,2,4,0,0,0,0,0,0,0,0,0,0,0,0,0,24,3,0,0,0,0,0,0,495,0,0,0,Married,GRADUATE,35,M,35000,61,0.333,0.0,1.0,0,0,0.0,0.0,0.0,0.0,0,1,AL,AL,690,P2
113,1,0,1,0,0,0.0,0.0,1.0,0.0,0,0,0.0,0.0,0,1,0,0,0,0,0,1,0,0,16,16,41,0,0,0,0,0,0,0,0,0,0,0,0,0,0,0,0,0,0,0,0,1,0,0,0,0,0,0,469,0,0,0,Single,12TH,21,M,30000,150,1.0,0.0,0.638,0,0,0.0,0.0,0.0,0.0,0,0,others,others,677,P2
114,8,4,4,1,0,0.125,0.0,0.5,0.5,3,0,0.375,0.0,1,1,0,3,3,0,1,4,4,0,56,2,57,13,60,0,0,0,12,0,0,0,0,0,0,0,0,0,0,0,0,0,60,10,0,0,0,3,2,3,57,5,2,2,Married,GRADUATE,36,M,15000,54,0.5,0.333,0.701,0,1,0.667,0.0,0.667,0.0,1,0,PL,AL,666,P3
115,7,4,3,5,4,0.714,0.571,0.429,0.571,7,4,1.0,0.571,0,0,1,0,1,0,3,3,4,2,7,2,49,0,0,0,0,0,0,0,1,1,1,0,0,0,0,0,0,0,0,0,0,14,2,2,2,4,0,3,6,12,8,7,Single,12TH,22,M,23000,33,0.429,0.714,0.786,1,1,0.0,1.0,0.0,1.0,1,0,ConsumerLoan,ConsumerLoan,638,P4
117,6,3,3,0,0,0.0,0.0,0.5,0.5,1,0,0.167,0.0,0,1,0,2,0,0,1,1,5,2,43,8,68,4,60,0,0,0,3,0,18,5,11,0,0,0,0,0,0,0,0,0,60,9,0,0,0,2,0,0,27,2,1,1,Married,GRADUATE,32,M,32000,107,0.5,0.0,0.738,0,1,0.0,0.0,0.0,0.0,0,0,ConsumerLoan,others,665,P3
118,9,6,3,2,0,0.222,0.0,0.333,0.667,3,2,0.333,0.222,0,1,0,8,0,0,0,1,8,0,76,3,39,0,0,0,0,0,0,0,0,0,0,0,0,0,0,0,0,0,0,0,0,12,0,0,0,0,0,0,21,3,2,1,Married,12TH,31,M,15000,30,0.333,0.667,0.431,0,0,0.0,0.0,0.0,0.0,0,0,ConsumerLoan,others,688,P2
119,1,0,1,0,0,0.0,0.0,1.0,0.0,1,0,1.0,0.0,0,1,0,0,0,0,0,1,0,0,9,9,72,0,0,0,0,0,0,0,0,0,0,0,0,0,0,0,0,0,0,0,0,3,0,0,0,0,0,0,266,3,0,0,Married,SSC,39,M,25000,62,1.0,0.0,0.705,0,0,0.0,0.0,0.0,0.0,0,0,others,others,677,P2
122,1,1,0,0,1,0.0,1.0,0.0,1.0,0,1,0.0,1.0,0,1,0,0,0,0,0,1,0,0,29,29,176,0,0,0,0,0,0,0,0,0,0,0,0,0,0,0,0,0,0,0,0,2,0,0,0,0,0,0,796,0,0,0,Married,12TH,36,M,25000,180,0.0,0.0,0.0,0,0,0.0,0.0,0.0,0.0,0,0,others,others,679,P2
123,2,0,2,1,0,0.5,0.0,1.0,0.0,2,0,1.0,0.0,0,1,0,1,0,0,0,1,1,0,12,4,61,0,0,0,0,0,0,0,7,4,7,0,0,0,0,0,0,0,0,0,0,3,0,0,0,1,1,1,2,3,2,1,Married,OTHERS,42,M,27000,101,1.0,0.5,0.777,0,0,1.0,0.0,1.0,0.0,0,0,others,others,673,P2
